-- Insert data retrieved from Tamara Berg
INSERT INTO animal (id, "name", species) VALUES
  (6, 'Daphne', 'dolphin'),
  (7, 'George', 'giraffe'),
  (8, 'Linlin', 'leopard');

INSERT INTO image ("id", url, "timestamp", lat, long, location_id, username, is_uploaded_to_ibeis) VALUES
  (6, 'https://s3.amazonaws.com/wildbook/images/dolphin/pic100_index.15.jpg', '1990-01-01 13:27:45', 41.875, -87.6603, 3, 'user1', true),
  (7, 'https://s3.amazonaws.com/wildbook/images/dolphin/pic101_index.2.jpg', '1990-01-01 13:27:45', 41.875, -87.6603, 3, 'user1', true),
  (8, 'https://s3.amazonaws.com/wildbook/images/dolphin/pic102_index.8.jpg', '1990-01-01 13:27:45', 41.875, -87.6603, 3, 'user1', true),
  (9, 'https://s3.amazonaws.com/wildbook/images/dolphin/pic103_vert.dolphin.rescue.ap.jpg', '1990-01-01 13:27:45', 41.875, -87.6603, 3, 'user1', true),
  (10, 'https://s3.amazonaws.com/wildbook/images/dolphin/pic104_bottle.jpg', '1990-01-01 13:27:45', 41.875, -87.6603, 3, 'user3', true),
  (11, 'https://s3.amazonaws.com/wildbook/images/dolphin/pic105_dolphinpod1a.jpg', '1990-01-01 13:27:45', 41.875, -87.6603, 3, 'user3', true),
  (12, 'https://s3.amazonaws.com/wildbook/images/dolphin/pic107_boatbig.jpeg', '1990-01-01 13:27:45', 41.875, -87.6603, 3, 'user3', true),
  (13, 'https://s3.amazonaws.com/wildbook/images/dolphin/pic109_dolphinswim1.jpeg', '1990-01-01 13:27:45', 41.875, -87.6603, 3, 'user5', true),
  (14, 'https://s3.amazonaws.com/wildbook/images/dolphin/pic10_dolphin4_splash_FINAL_12', '1990-01-01 13:27:45', 41.875, -87.6603, 3, 'user5', true),
  (15, 'https://s3.amazonaws.com/wildbook/images/dolphin/pic111_dolphinswim2.jpeg', '1990-01-01 13:27:45', 41.875, -87.6603, 3, 'user5', true),
  (16, 'https://s3.amazonaws.com/wildbook/images/giraffe/pic101_giraffe.jpg', '1990-01-01 13:27:45', 41.9239, -87.6363, 2, 'user1', true),
  (17, 'https://s3.amazonaws.com/wildbook/images/giraffe/pic104_giraffeBEAUTY.jpg', '1990-01-01 13:27:45', 41.9239, -87.6363, 2, 'user1', true),
  (18, 'https://s3.amazonaws.com/wildbook/images/giraffe/pic105_giraffeBEAUTY2.jpg', '1990-01-01 13:27:45', 41.9239, -87.6363, 2, 'user2', true),
  (19, 'https://s3.amazonaws.com/wildbook/images/giraffe/pic106_knitty.jpg', '1990-01-01 13:27:45', 41.9239, -87.6363, 2, 'user2', true),
  (20, 'https://s3.amazonaws.com/wildbook/images/giraffe/pic107_rechelleking.jpg', '1990-01-01 13:27:45', 41.9239, -87.6363, 2, 'user2', true),
  (21, 'https://s3.amazonaws.com/wildbook/images/giraffe/pic108_giraffe_thumb.jpg', '1990-01-01 13:27:45', 41.9239, -87.6363, 2, 'user2', true),
  (22, 'https://s3.amazonaws.com/wildbook/images/giraffe/pic109_2cheeday.jpg', '1990-01-01 13:27:45', 41.9239, -87.6363, 2, 'user2', true),
  (23, 'https://s3.amazonaws.com/wildbook/images/giraffe/pic110_4cheetahs.jpg', '1990-01-01 13:27:45', 41.9239, -87.6363, 2, 'user2', true),
  (24, 'https://s3.amazonaws.com/wildbook/images/giraffe/pic111_agama.jpg', '1990-01-01 13:27:45', 41.9239, -87.6363, 2, 'user2', true),
  (25, 'https://s3.amazonaws.com/wildbook/images/giraffe/pic112_baboons.jpg', '1990-01-01 13:27:45', 41.9239, -87.6363, 2, 'user2', true),
  (26, 'https://s3.amazonaws.com/wildbook/images/leopard/pic100_leopard4.jpg', '1990-01-01 13:27:45', 42.0565, -87.6775, 5, 'user1', true),
  (27, 'https://s3.amazonaws.com/wildbook/images/leopard/pic101_plntlprd.jpg', '1990-01-01 13:27:45', 42.0565, -87.6775, 5, 'user3', true),
  (28, 'https://s3.amazonaws.com/wildbook/images/leopard/pic102_pic_homeleopard.jpg', '1990-01-01 13:27:45', 42.0565, -87.6775, 5, 'user3', true),
  (29, 'https://s3.amazonaws.com/wildbook/images/leopard/pic103_clodbody.jpg', '1990-01-01 13:27:45', 42.0565, -87.6775, 5, 'user4', true),
  (30, 'https://s3.amazonaws.com/wildbook/images/leopard/pic104_clodport.jpg', '1990-01-01 13:27:45', 42.0565, -87.6775, 5, 'user4', true),
  (31, 'https://s3.amazonaws.com/wildbook/images/leopard/pic105_clodteth.jpg', '1990-01-01 13:27:45', 42.0565, -87.6775, 5, 'user4', true),
  (32, 'https://s3.amazonaws.com/wildbook/images/leopard/pic107_clouded.jpg', '1990-01-01 13:27:45', 42.0565, -87.6775, 5, 'user4', true),
  (33, 'https://s3.amazonaws.com/wildbook/images/leopard/pic108_clouded2.jpg', '1990-01-01 13:27:45', 42.0565, -87.6775, 5, 'user4', true),
  (34, 'https://s3.amazonaws.com/wildbook/images/leopard/pic10_lep02.jpg', '1990-01-01 13:27:45', 42.0565, -87.6775, 5, 'user4', true),
  (35, 'https://s3.amazonaws.com/wildbook/images/leopard/pic110_40660773_leopard_pa_203.jpg', '1990-01-01 13:27:45', 42.0565, -87.6775, 5, 'user4', true),
  (36, 'https://s3.amazonaws.com/wildbook/images/leopard/pic111_40660777_leopard_ap_203.jpg', '1990-01-01 13:27:45', 42.0565, -87.6775, 5, 'user4', true),
  (37, 'https://s3.amazonaws.com/wildbook/images/leopard/pic112_homepage4.jpg', '1990-01-01 13:27:45', 42.0565, -87.6775, 5, 'user5', true),
  (38, 'https://s3.amazonaws.com/wildbook/images/leopard/pic114_leopard1.jpg', '1990-01-01 13:27:45', 42.0565, -87.6775, 5, 'user5', true),
  (39, 'https://s3.amazonaws.com/wildbook/images/leopard/pic115_leopard2.jpg', '1990-01-01 13:27:45', 42.0565, -87.6775, 5, 'user5', true),
  (40, 'https://s3.amazonaws.com/wildbook/images/leopard/pic11_lep03.jpg', '1990-01-01 13:27:45', 42.0565, -87.6775, 5, 'user5', true);

INSERT INTO animal_found_in_image (image_id, animal_id) VALUES
  (6, 6),
  (7, 6),
  (8, 6),
  (9, 6),
  (10, 6),
  (11, 6),
  (12, 6),
  (13, 6),
  (14, 6),
  (15, 6),
  (16, 7),
  (17, 7),
  (18, 7),
  (19, 7),
  (20, 7),
  (21, 7),
  (22, 7),
  (23, 7),
  (24, 7),
  (25, 7),
  (26, 8),
  (27, 8),
  (28, 8),
  (29, 8),
  (30, 8),
  (31, 8),
  (32, 8),
  (33, 8),
  (34, 8),
  (35, 8),
  (36, 8),
  (37, 8),
  (39, 8),
  (40, 8);

INSERT INTO post ("id", username, "timestamp", location_id, "text") VALUES
  (6, 'user1', '1990-01-01 13:27:45', 3, ''),
  (7, 'user1', '1990-01-01 13:27:45', 3, ''),
  (8, 'user1', '1990-01-01 13:27:45', 3, ''),
  (9, 'user1', '1990-01-01 13:27:45', 3, ''),
  (10, 'user3', '1990-01-01 13:27:45', 3, ''),
  (11, 'user3', '1990-01-01 13:27:45', 3, ''),
  (12, 'user3', '1990-01-01 13:27:45', 3, ''),
  (13, 'user5', '1990-01-01 13:27:45', 3, ''),
  (14, 'user5', '1990-01-01 13:27:45', 3, ''),
  (15, 'user5', '1990-01-01 13:27:45', 3, ''),
  (16, 'user1', '1990-01-01 13:27:45', 2, ''),
  (17, 'user1', '1990-01-01 13:27:45', 2, ''),
  (18, 'user2', '1990-01-01 13:27:45', 2, ''),
  (19, 'user2', '1990-01-01 13:27:45', 2, ''),
  (20, 'user2', '1990-01-01 13:27:45', 2, ''),
  (21, 'user2', '1990-01-01 13:27:45', 2, ''),
  (22, 'user2', '1990-01-01 13:27:45', 2, ''),
  (23, 'user2', '1990-01-01 13:27:45', 2, ''),
  (24, 'user2', '1990-01-01 13:27:45', 2, ''),
  (25, 'user2', '1990-01-01 13:27:45', 2, ''),
  (26, 'user1', '1990-01-01 13:27:45', 5, ''),
  (27, 'user3', '1990-01-01 13:27:45', 5, ''),
  (28, 'user3', '1990-01-01 13:27:45', 5, ''),
  (29, 'user4', '1990-01-01 13:27:45', 5, ''),
  (30, 'user4', '1990-01-01 13:27:45', 5, ''),
  (31, 'user4', '1990-01-01 13:27:45', 5, ''),
  (32, 'user4', '1990-01-01 13:27:45', 5, ''),
  (33, 'user4', '1990-01-01 13:27:45', 5, ''),
  (34, 'user4', '1990-01-01 13:27:45', 5, ''),
  (35, 'user4', '1990-01-01 13:27:45', 5, ''),
  (36, 'user5', '1990-01-01 13:27:45', 5, ''),
  (37, 'user5', '1990-01-01 13:27:45', 5, ''),
  (39, 'user5', '1990-01-01 13:27:45', 5, ''),
  (40, 'user5', '1990-01-01 13:27:45', 5, '');

INSERT INTO image_in_post (post_id, image_id) VALUES
  (6, 6),
  (7, 7),
  (8, 8),
  (9, 9),
  (10, 10),
  (11, 11),
  (12, 12),
  (13, 13),
  (14, 14),
  (15, 15),
  (16, 16),
  (17, 17),
  (18, 18),
  (19, 19),
  (20, 20),
  (21, 21),
  (22, 22),
  (23, 23),
  (24, 24),
  (25, 25),
  (26, 26),
  (27, 27),
  (28, 28),
  (29, 29),
  (30, 30),
  (31, 31),
  (32, 32),
  (33, 33),
  (34, 34),
  (35, 35),
  (36, 36),
  (37, 37),
  (39, 38),
  (40, 40);